id or source                                                                                     ; categories
fastfetch                                                                                        ; startup
figlet                                                                                           ; startup
https://getfresh.dev/ or https://github.com/sinelaw/fresh                                        ; code-editor
btop                                                                                             ; task-manager, system-resource-monitor
https://github.com/clementtsang/bottom                                                           ; task-manager, system-resource-monitor
https://github.com/lm-sensors/lm-sensors                                                         ; task-manager, system-resource-monitor
https://github.com/cmatsuoka/asciiquarium/blob/master/asciiquarium                               ; screensaver
cmatrix                                                                                          ; screensaver
hollywood                                                                                        ; screensaver
pipes-sh                                                                                         ; screensaver
cbonsai                                                                                          ; screensaver
https://github.com/cowtoolz/webcamize                                                            ; cam
https://github.com/sharkdp/pastel                                                                ; color
https://github.com/sharkdp/bat                                                                   ; color
https://github.com/durdraw/durdraw/ or https://github.com/durdraw/durdraw/                       ; ASCII, Unicode and ANSI art editor
https://github.com/da-luce/astroterm                                                             ; screensaver
dysk                                                                                             ; disk-util
https://github.com/dylanaraps/pure-bash-bible                                                    ; utils
https://github.com/dylanaraps/pure-sh-bible                                                      ; utils
https://github.com/agarrharr/awesome-cli-apps                                                    ; more
https://terminaltrove.com/                                                                       ; more
https://www.reddit.com/r/linux/comments/1iy47hq/i_want_some_different_terminal_based_programs_to/; more
https://www.linux.org/threads/what-are-your-top-command-line-apps.27649/                         ; more